block,plot,single_com,mono_mix,spnumb,entry,spcomp,fungroup,species,delta2H,delta18O
B,1,community,mix,2,16.0,BePe,legume,Bean,-45.89,-6.45
B,1,community,mix,2,16.0,BePe,legume,Pea,-45.95,-6.41
B,2,community,mix,2,18.0,BeOs,legume,Bean,-48.24,-6.42
B,2,community,mix,2,18.0,BeOs,herb,OSR,-62.80,-8.28
B,3,community,mix,2,15.0,BaOs,cereal,Barley,-49.35,-6.72
B,3,community,mix,2,15.0,BaOs,herb,OSR,-46.63,-6.19
B,4,community,mix,3,23.0,BeOsWh,legume,Bean,-45.99,-6.34
B,4,community,mix,3,23.0,BeOsWh,herb,OSR,-47.59,-6.42
B,4,community,mix,3,23.0,BeOsWh,cereal,Wheat,-58.18,-7.63
B,5,community,mix,3,28.0,BaLiPe,cereal,Barley,-44.69,-5.96
B,5,community,mix,3,28.0,BaLiPe,herb,Linseed,-44.33,-5.45
B,5,community,mix,3,28.0,BaLiPe,legume,Pea,-45.71,-6.05
B,6,community,mix,3,24.0,LiPeWh,herb,Linseed,-55.97,-8.36
B,6,community,mix,3,24.0,LiPeWh,legume,Pea,-39.42,-5.24
B,6,community,mix,3,24.0,LiPeWh,cereal,Wheat,-47.02,-6.14
B,7,community,mix,3,27.0,BaBeOs,cereal,Barley,-44.28,-5.59
B,7,community,mix,3,27.0,BaBeOs,legume,Bean,-40.37,-5.74
B,7,community,mix,3,27.0,BaBeOs,herb,OSR,NA,NA
B,8,community,mix,3,22.0,BeLiWh,legume,Bean,-41.86,-5.99
B,8,community,mix,3,22.0,BeLiWh,herb,Linseed,-49.18,-6.37
B,8,community,mix,3,22.0,BeLiWh,cereal,Wheat,-48.23,-6.42
B,9,community,mix,2,14.0,BaLi,cereal,Barley,-36.50,-4.79
B,9,community,mix,2,14.0,BaLi,herb,Linseed,-38.22,-4.57
B,10,community,mix,3,29.0,BaOsPe,cereal,Barley,-40.00,-5.39
B,10,community,mix,3,29.0,BaOsPe,herb,OSR,-56.03,-7.39
B,10,community,mix,3,29.0,BaOsPe,legume,Pea,-40.26,-5.48
B,11,community,mix,2,21.0,LiOs,herb,Linseed,-39.72,-4.63
B,11,community,mix,2,21.0,LiOs,herb,OSR,-62.52,-8.45
B,13,community,mono,1,4.0,Pe,legume,Pea,-40.37,-4.80
B,14,community,mono,1,3.0,Be,legume,Bean,-44.58,-6.08
B,15,community,mix,2,12.0,BaBe,cereal,Barley,-44.75,-6.06
B,15,community,mix,2,12.0,BaBe,legume,Bean,-39.09,-5.21
B,16,community,mix,2,7.0,BaWh,cereal,Barley,-48.58,-6.28
B,16,community,mix,2,7.0,BaWh,cereal,Wheat,-52.91,-6.89
B,17,community,mix,2,19.0,LiPe,herb,Linseed,-49.08,-6.02
B,17,community,mix,2,19.0,LiPe,legume,Pea,-48.96,-6.14
B,18,community,mono,1,5.0,Li,herb,Linseed,-47.28,-5.85
B,19,community,mix,2,11.0,OsWh,herb,OSR,-54.21,-6.82
B,19,community,mix,2,11.0,OsWh,cereal,Wheat,-46.30,-5.55
B,21,community,mix,2,13.0,BaPe,cereal,Barley,-45.16,-5.55
B,21,community,mix,2,13.0,BaPe,legume,Pea,-41.65,-5.50
B,23,community,mono,1,6.0,Os,herb,OSR,NA,NA
B,24,community,mono,1,2.0,Ba,cereal,Barley,-50.76,-6.66
B,25,community,mix,2,10.0,LiWh,herb,Linseed,-42.60,-5.12
B,25,community,mix,2,10.0,LiWh,cereal,Wheat,-45.24,-5.34
B,26,community,mix,3,25.0,OsPeWh,herb,OSR,-63.23,-8.58
B,26,community,mix,3,25.0,OsPeWh,legume,Pea,-43.38,-5.70
B,26,community,mix,3,25.0,OsPeWh,cereal,Wheat,-52.12,-6.42
B,27,community,mix,2,20.0,OsPe,herb,OSR,-63.47,-8.23
B,27,community,mix,2,20.0,OsPe,legume,Pea,-42.64,-5.46
B,28,community,mix,2,8.0,BeWh,legume,Bean,-49.88,-6.72
B,28,community,mix,2,8.0,BeWh,cereal,Wheat,-46.37,-5.48
B,29,community,mono,1,1.0,Wh,cereal,Wheat,-43.90,-5.44
B,30,community,mix,2,17.0,BeLi,legume,Bean,-46.02,-5.78
B,30,community,mix,2,17.0,BeLi,herb,Linseed,-54.96,-7.84
B,31,community,mix,2,9.0,PeWh,legume,Pea,-36.34,-3.85
B,31,community,mix,2,9.0,PeWh,cereal,Wheat,-47.51,-5.89
B,32,community,mix,3,26.0,BaBeLi,cereal,Barley,-49.43,-6.10
B,32,community,mix,3,26.0,BaBeLi,legume,Bean,-45.79,-5.91
B,32,community,mix,3,26.0,BaBeLi,herb,Linseed,-49.60,-6.17
D,1,community,mix,2,15.0,BaOs,cereal,Barley,-49.13,-6.08
D,1,community,mix,2,15.0,BaOs,herb,OSR,-44.77,-5.23
D,2,community,mono,1,4.0,Pe,legume,Pea,-47.39,-5.86
D,3,community,mix,2,12.0,BaBe,cereal,Barley,-42.97,-5.30
D,3,community,mix,2,12.0,BaBe,legume,Bean,-44.12,-5.84
D,4,community,mix,3,26.0,BaBeLi,cereal,Barley,-38.36,-4.14
D,4,community,mix,3,26.0,BaBeLi,legume,Bean,-44.06,-5.37
D,4,community,mix,3,26.0,BaBeLi,herb,Linseed,-42.86,-4.29
D,5,community,mix,2,9.0,PeWh,legume,Pea,-37.34,-4.55
D,5,community,mix,2,9.0,PeWh,cereal,Wheat,-46.16,-5.65
D,6,community,mix,2,11.0,OsWh,herb,OSR,-56.04,-6.84
D,6,community,mix,2,11.0,OsWh,cereal,Wheat,-45.13,-5.62
D,7,community,mix,2,19.0,LiPe,herb,Linseed,-46.64,-5.47
D,7,community,mix,2,19.0,LiPe,legume,Pea,-43.10,-5.20
D,8,community,mono,1,5.0,Li,herb,Linseed,-50.37,-6.18
D,9,community,mix,3,23.0,BeOsWh,legume,Bean,NA,NA
D,9,community,mix,3,23.0,BeOsWh,herb,OSR,-51.37,-6.54
D,9,community,mix,3,23.0,BeOsWh,cereal,Wheat,-52.71,-7.14
D,10,community,mix,3,28.0,BaLiPe,cereal,Barley,-42.07,-5.47
D,10,community,mix,3,28.0,BaLiPe,herb,Linseed,-43.82,-5.23
D,10,community,mix,3,28.0,BaLiPe,legume,Pea,-41.42,-5.43
D,11,community,mix,2,18.0,BeOs,legume,Bean,-41.77,-5.44
D,11,community,mix,2,18.0,BeOs,herb,OSR,-55.07,-6.87
D,12,community,mix,3,25.0,OsPeWh,herb,OSR,-51.63,-6.53
D,12,community,mix,3,25.0,OsPeWh,legume,Pea,-40.26,-4.86
D,12,community,mix,3,25.0,OsPeWh,cereal,Wheat,-39.20,-4.61
D,13,community,mix,3,22.0,BeLiWh,legume,Bean,-40.23,-5.23
D,13,community,mix,3,22.0,BeLiWh,herb,Linseed,-36.84,-3.93
D,13,community,mix,3,22.0,BeLiWh,cereal,Wheat,-39.94,-4.57
D,14,community,mix,2,20.0,OsPe,herb,OSR,-57.25,-7.35
D,14,community,mix,2,20.0,OsPe,legume,Pea,-29.43,-3.18
D,15,community,mix,2,21.0,LiOs,herb,Linseed,-46.55,-5.64
D,15,community,mix,2,21.0,LiOs,herb,OSR,-50.15,-6.20
D,16,community,mix,2,14.0,BaLi,cereal,Barley,-45.49,-5.92
D,16,community,mix,2,14.0,BaLi,herb,Linseed,-43.87,-5.49
D,18,community,mix,2,8.0,BeWh,legume,Bean,-45.13,-5.45
D,18,community,mix,2,8.0,BeWh,cereal,Wheat,-48.41,-5.99
D,19,community,mix,2,16.0,BePe,legume,Bean,-41.78,-5.39
D,19,community,mix,2,16.0,BePe,legume,Pea,-42.64,-5.52
D,21,community,mono,1,2.0,Ba,cereal,Barley,-41.28,-5.35
D,22,community,mix,2,13.0,BaPe,cereal,Barley,-16.18,0.03
D,22,community,mix,2,13.0,BaPe,legume,Pea,-39.80,-5.11
D,23,community,mix,2,17.0,BeLi,legume,Bean,-43.41,-6.04
D,23,community,mix,2,17.0,BeLi,herb,Linseed,-51.06,-6.40
D,24,community,mono,1,3.0,Be,legume,Bean,-46.32,-6.21
D,25,community,mix,3,29.0,BaOsPe,cereal,Barley,-52.56,-6.63
D,25,community,mix,3,29.0,BaOsPe,herb,OSR,-50.53,-6.39
D,25,community,mix,3,29.0,BaOsPe,legume,Pea,-53.20,-7.06
D,27,community,mono,1,1.0,Wh,cereal,Wheat,-43.62,-5.31
D,28,community,mix,3,27.0,BaBeOs,cereal,Barley,-45.42,-5.95
D,28,community,mix,3,27.0,BaBeOs,legume,Bean,-45.60,-6.03
D,28,community,mix,3,27.0,BaBeOs,herb,OSR,-55.29,-7.13
D,29,community,mono,1,6.0,Os,herb,OSR,-49.11,-6.29
D,30,community,mix,3,24.0,LiPeWh,herb,Linseed,-44.55,-5.59
D,30,community,mix,3,24.0,LiPeWh,legume,Pea,-39.70,-5.09
D,30,community,mix,3,24.0,LiPeWh,cereal,Wheat,-45.12,-5.84
D,31,community,mix,2,10.0,LiWh,herb,Linseed,-41.10,-5.08
D,31,community,mix,2,10.0,LiWh,cereal,Wheat,-47.73,-6.09
D,32,community,mix,2,7.0,BaWh,cereal,Barley,-42.43,-5.33
D,32,community,mix,2,7.0,BaWh,cereal,Wheat,-48.97,-6.25
E,1,community,mix,2,13.0,BaPe,cereal,Barley,-52.86,-6.82
E,1,community,mix,2,13.0,BaPe,legume,Pea,-51.05,-6.65
E,2,community,mix,2,16.0,BePe,legume,Bean,-48.89,-6.37
E,2,community,mix,2,16.0,BePe,legume,Pea,-50.31,-6.57
E,3,community,mix,2,12.0,BaBe,cereal,Barley,-53.76,-6.90
E,3,community,mix,2,12.0,BaBe,legume,Bean,-43.63,-5.29
E,5,community,mix,2,7.0,BaWh,cereal,Barley,-43.00,-5.09
E,5,community,mix,2,7.0,BaWh,cereal,Wheat,-42.36,-4.81
E,6,community,mono,1,2.0,Ba,cereal,Barley,-51.75,-6.29
E,7,community,mix,2,10.0,LiWh,herb,Linseed,-45.23,-5.42
E,7,community,mix,2,10.0,LiWh,cereal,Wheat,-54.44,-6.52
E,8,community,mix,2,20.0,OsPe,herb,OSR,-55.28,-7.10
E,8,community,mix,2,20.0,OsPe,legume,Pea,-38.87,-4.87
E,9,community,mono,1,5.0,Li,herb,Linseed,-45.61,-5.53
E,10,community,mix,3,25.0,OsPeWh,herb,OSR,-60.47,-8.19
E,10,community,mix,3,25.0,OsPeWh,legume,Pea,-36.98,-4.39
E,10,community,mix,3,25.0,OsPeWh,cereal,Wheat,-43.22,-5.43
E,11,community,mix,3,22.0,BeLiWh,legume,Bean,-47.21,-5.89
E,11,community,mix,3,22.0,BeLiWh,herb,Linseed,-44.57,-5.05
E,11,community,mix,3,22.0,BeLiWh,cereal,Wheat,-51.55,-6.42
E,12,community,mono,1,3.0,Be,legume,Bean,-49.82,-6.45
E,14,community,mix,3,26.0,BaBeLi,cereal,Barley,-45.69,-5.55
E,14,community,mix,3,26.0,BaBeLi,legume,Bean,-44.22,-5.91
E,14,community,mix,3,26.0,BaBeLi,herb,Linseed,-41.42,-4.96
E,15,community,mix,3,24.0,LiPeWh,herb,Linseed,-44.80,-5.27
E,15,community,mix,3,24.0,LiPeWh,legume,Pea,-36.75,-4.43
E,15,community,mix,3,24.0,LiPeWh,cereal,Wheat,-38.80,-4.36
E,16,community,mix,2,9.0,PeWh,legume,Pea,-46.65,-5.85
E,16,community,mix,2,9.0,PeWh,cereal,Wheat,-54.21,-6.76
E,17,community,mix,3,27.0,BaBeOs,cereal,Barley,-39.25,-4.68
E,17,community,mix,3,27.0,BaBeOs,legume,Bean,-47.69,-6.45
E,17,community,mix,3,27.0,BaBeOs,herb,OSR,-56.31,-7.03
E,18,community,mix,3,23.0,BeOsWh,legume,Bean,-43.81,-5.60
E,18,community,mix,3,23.0,BeOsWh,herb,OSR,-61.26,-7.90
E,18,community,mix,3,23.0,BeOsWh,cereal,Wheat,-56.46,-7.69
E,19,community,mix,2,11.0,OsWh,herb,OSR,-51.10,-6.61
E,19,community,mix,2,11.0,OsWh,cereal,Wheat,-56.67,-7.19
E,20,community,mix,2,17.0,BeLi,legume,Bean,-46.96,-6.28
E,20,community,mix,2,17.0,BeLi,herb,Linseed,-52.57,-6.38
E,21,community,mix,2,15.0,BaOs,cereal,Barley,-49.62,-5.98
E,21,community,mix,2,15.0,BaOs,herb,OSR,-48.73,-5.98
E,22,community,mix,2,14.0,BaLi,cereal,Barley,-42.64,-4.84
E,22,community,mix,2,14.0,BaLi,herb,Linseed,-37.14,-3.16
E,23,community,mono,1,1.0,Wh,cereal,Wheat,-54.73,-6.66
E,24,community,mix,3,28.0,BaLiPe,cereal,Barley,-42.89,-5.58
E,24,community,mix,3,28.0,BaLiPe,herb,Linseed,-44.92,-5.63
E,24,community,mix,3,28.0,BaLiPe,legume,Pea,-44.86,-5.96
E,26,community,mix,2,19.0,LiPe,herb,Linseed,-56.53,-7.07
E,26,community,mix,2,19.0,LiPe,legume,Pea,-43.83,-5.95
E,27,community,mix,2,21.0,LiOs,herb,Linseed,-52.86,-6.54
E,27,community,mix,2,21.0,LiOs,herb,OSR,-54.21,-6.33
E,28,community,mix,2,18.0,BeOs,legume,Bean,-43.84,-5.53
E,28,community,mix,2,18.0,BeOs,herb,OSR,-63.74,-8.69
E,29,community,mono,1,6.0,Os,herb,OSR,-49.84,-6.59
E,30,community,mono,1,4.0,Pe,legume,Pea,-52.09,-6.78
E,31,community,mix,3,29.0,BaOsPe,cereal,Barley,-53.20,-6.61
E,31,community,mix,3,29.0,BaOsPe,herb,OSR,-52.74,-6.89
E,31,community,mix,3,29.0,BaOsPe,legume,Pea,-40.91,-5.12
E,32,community,mix,2,8.0,BeWh,legume,Bean,-43.62,-5.87
E,32,community,mix,2,8.0,BeWh,cereal,Wheat,-51.16,-6.54
F,1,single,single,single,0.3,Be,legume,Bean,-41.76,-5.49
F,3,single,single,single,0.6,Os,herb,OSR,-50.08,-6.49
F,6,single,single,single,0.2,Ba,cereal,Barley,-48.87,-6.02
F,7,single,single,single,0.4,Pe,legume,Pea,-25.81,-1.51
F,8,single,single,single,0.3,Be,legume,Bean,-39.95,-4.70
F,9,single,single,single,0.1,Wh,cereal,Wheat,-42.28,-4.24
F,10,single,single,single,0.3,Be,legume,Bean,-39.10,-4.97
F,11,single,single,single,0.6,Os,herb,OSR,-46.99,-5.62
F,12,single,single,single,0.4,Pe,legume,Pea,-39.48,-4.64
F,13,single,single,single,0.6,Os,herb,OSR,-46.16,-5.79
F,14,single,single,single,0.1,Wh,cereal,Wheat,-46.32,-4.65
F,18,single,single,single,0.4,Pe,legume,Pea,-42.83,-4.91
F,19,single,single,single,0.5,Li,herb,Linseed,-40.52,-4.43
F,20,single,single,single,0.2,Ba,cereal,Barley,-53.10,-6.73
F,23,single,single,single,0.5,Li,herb,Linseed,-50.90,-5.87
F,28,single,single,single,0.1,Wh,cereal,Wheat,-46.10,-5.08
F,30,single,single,single,0.5,Li,herb,Linseed,-49.17,-5.97
F,32,single,single,single,0.2,Ba,cereal,Barley,-42.22,-4.51
